subsystem,capability,customer_terminal,terminal_os,shared_or_database,evidence,gap
Supabase,project identity,NOT VERIFIED,NOT VERIFIED,YES locally,".env, .env.local, supabase/config.toml","Remote project freshness and metadata not checked"
Database,canonical trading schema,PARTIAL,FAIL/NOT VERIFIED,FAIL,"Customer migrations; TERMINAL-OS/database/schema.sql; server/services/orders.ts","orders versus trading_orders and multiple key/state contracts"
Auth,customer/staff auth,PARTIAL,PARTIAL,NOT VERIFIED,"src/hooks/useAuth.tsx; TERMINAL-OS/lib/auth/session.ts; middleware.ts","No live account-isolation or role test"
Market Data,provider and WebSocket,PARTIAL,NOT VERIFIED,NOT VERIFIED,"src/lib/websocketClient.ts; brokerRouter.ts; provider services","No credentialed provider certification or scale proof"
Trading,OMS and broker lifecycle,NOT VERIFIED,PARTIAL,NOT VERIFIED,"src/lib/executionService.ts; TERMINAL-OS/server/services/orders.ts","No deterministic end-to-end broker lifecycle"
Risk,pre-trade and challenge rules,PARTIAL,PARTIAL,NOT VERIFIED,"src/lib/riskEngine.ts; customer migrations; TERMINAL-OS/server/services/risk.ts","Deployed enforcement and transaction safety unverified"
Execution,fills and position updates,PARTIAL,PARTIAL,NOT VERIFIED,"src/lib/positionEngine.ts; TERMINAL-OS/server/services/executions.ts","No restart/partial-fill/reconciliation certification"
Terminal OS,operations control plane,NOT APPLICABLE,PARTIAL,NOT VERIFIED,"TERMINAL-OS/app/api/terminal; TERMINAL-OS/lib/rbac/permissions.ts","Schema drift, no test suite, mutation controls not certified"
Security,secrets DEV_MODE and headers,PARTIAL,FAIL as production gate,NOT VERIFIED,"TERMINAL-OS/lib/config/env.ts; middleware.ts; lib/security","Production configuration and attack tests absent"
Infrastructure,hosting cache DR CI/CD,NOT VERIFIED,NOT VERIFIED,NOT VERIFIED,"Dockerfile/build output only","No deployment or operational evidence"
Testing,unit integration E2E security,PARTIAL,MISSING,PARTIAL,"Customer 16 files/122 tests; no Terminal OS tests","No E2E load reconciliation or broker certification suite"
Compliance,licensing and regulatory readiness,NOT VERIFIED,NOT VERIFIED,NOT VERIFIED,"No certification evidence found","Formal compliance evidence absent"
Readiness,production gates,FAIL,FAIL,FAIL,"Schema conflicts and verification gaps","Do not cut over until canonical contracts and live evidence exist"
